"id","status","job_id","title"
"1697","Done","MjMxYWMxOTAtNmUzNi00NGEyLTgyMmQtOGZkYTQ0ZjhiYzNhIDI2MQ","Er du opptatt av bærekraft og ønsker å lede spennende prosjekter?"
"1698","Done","MTE5NTYtMjIwODA1MTc0NDkyNzIwMS1TIDE","NTT DATA Deutschland SE: Solution Architekt (w/m/x) Salesforce (Architekt/in)"
"1699","Done","MTkxTERRViA5","Manager d'ingénieurs en développement logiciel (H/F)"
"1700","Done","NTY0NzczNSA5","Concepteur (H/F)"
"1701","Done","MTUwMDYtazQwMTgwLjM4MTgtUyAx","Software Architect  (m/w/d) Embedded Systems Aerospace | Defence (Software-Architect)"
"1702","Done","MTUwMDYtazQwMTgwLjM4MTktUyAx","Systems Architect (m/w/d) – Complex Systems Aerospace & Defence (Software-Architect)"
"1703","Done","MTUwMDYtazQwMTgwLjM4MjAtUyAx","Systems Architect (m/w/d) – Complex Systems Aerospace & Defence (Software-Architect)"
"1704","Done","MTUwMDYtazQwMTgwLjM4MTYtUyAx","Softwarearchitekt (m/w/d) Defence (Software-Architect)"
"1705","Done","MTUwMDYtazQwMTgwLjM4MTMtUyAx","Software Development Engineer (m/w/d) – Aerospace (Software-Architect)"
"1706","Done","MTUwMDYtazQwMTgwLjM4MTctUyAx","Software Architect  (m/w/d) Embedded Systems Aerospace | Defence (Software-Architect)"
"1707","Done","MTUwMDYtazQwMTgwLjM4MTEtUyAx","Entwicklungsingenieur (m/w/d) Software Aerospace | Defence (Software-Architect)"
"1708","Done","MTUwMDYtazQwMTgwLjM4MDktUyAx","Embedded Softwareentwickler (m/w/d) – Aerospace |  Defence | Automotive (Software-Architect)"
"1709","Done","MTIyNjUtMjk1ODA5X0pCNDczODUzNC1TIDE","Software Architect Automotive (m/w/d) (Software-Architect)"
"1710","Done","MTIyNjUtMjg4ODA0X0pCNDczODQ0NS1TIDE","Cloud Engineer (m/w/d) (Cloud-Architect)"
"1711","Done","MTI4MTEtMTczNzE5My1TIDE","Principal Engineer (m/w/d),Stuttgart,Mobiles Arbeiten in Deutschland (Software-Architect)"
"1712","Done","MTExMTktNDIwMTQ2MDA3NC1TIDE","IT-Mitarbeiter (m/w/d) - Azure Cloud / Personalvermittlung (Cloud-Architect)"
"1713","Done","MTQwODctNVlKOTkwNUJWTDc1NUgyUC1TIDE","Software Developer im Bereich I4.0 (m/w/d) (Software-Architect)"
"1714","Done","MTIzMzYtYTI1Zjk5M2owNDE3MTk5LVMgMQ","Cloud Developer / Senior Machine Learning Engineer (d/m/w) (Cloud-Architect)"
"1715","Done","MTIzMzYtYTI1Zjg2OGowNDE3MTU2LVMgMQ","Solution Architect Mobile (m/w/d) (Software-Architect)"
"1716","Done","NTI4NzIzNiA5","Concepteur / Conceptrice logiciel informatique h/f"
"1717","Done","NTUzMzg2OCA5","Architecte multimédia h/f"
"1718","Done","NTI4NzAxMyA5","Architecte multimédia h/f"
"1719","Done","MjkyNzM5MyA5","Architecte multimédia h/f"
"1720","Done","NTI4NzAxNSA5","Architecte multimédia h/f"
"1721","Done","MTQwMTEtNDMzMTYxNzItNDE1LVMgMQ","(Experienced) Software Engineer (m/f/d) (Software-Architect)"
"1722","Done","MTU5ODYtNzQ0MDAwMDUxNDQ5MTk2LTEtUyAx","Enterprise Architect ServiceNow (f/m/div.) (Salary: ~117.000 EUR p.a.*) (Software-Architect)"
"1723","Done","MTE5NTYtMjc0MDE3MTc0Mzk3NjgwMS1TIDE","SoftwareOne Deutschland GmbH: Solutions Architect (gn) AWS (Cloud-Architect)"
"1724","Done","MTE5NTYtMjc0NTkwMTc0Mzk3NjgwMS1TIDE","NTT DATA Deutschland SE: GenAI Automation Architect (w/m/x) (Cloud-Architect)"
"1725","Done","MTIzMzYtYTI1ZjUzOWowNDEwMTE3LVMgMQ","Lead Expert Military IT - Solution Design (m/w/d) (Software-Architect)"
"1726","Done","MTY2MDQtSlIwMDAwMDEyNDQwLTAwNS1TIDE","Enterprise Architekt:in (m/w/d) (Cloud-Architect)"
"1727","Done","MTI4MTEtMTUxNDYwMC1TIDE","Microsoft 365 Cloud Architect (m/w/d), Hanau (Cloud-Architect)"
"1728","Done","NTYzMDIxMCA5","Gestionnaire de la sécurité des données, des réseaux et des systèmes Alternance/Apprentissage (H/F)"
"1729","Done","NTYzMDIzNCA5","Gestionnaire de la sécurité des données, des réseaux et des systèmes Alternance/Apprentissage (H/F)"
"1730","Done","NTYyNzY2NSA5","Administrateur systèmes et réseaux (H/F)"
"1731","Done","NTYyODY3NiA5","Alternance Chargé de développement commercial (H/F)"
"1732","Done","NTYyOTgxNiA5","Technicien.ne réseaux & cybersécurité Alternance/Apprentissage (H/F)"
"1733","Done","NTYyNjI2NCA5","Assistant(e) de gestion & développement en alternance Alternance/Apprentissage (H/F)"
"1734","Done","NTEzNzQ4NCA5","Ingénieur développement logiciel JAVA - Défense F/H - Rungis (H/F)"
"1735","Done","NTYzMTE3MyA5","INGENIEUR DEVELOPPEMENT EMBARQUE LOGICIEL APPLICATIF (H/F)"
"1736","Done","NTUzMTI2MiA5","Ingénieur Senior développeur de logiciels C# et/ou LabVIEW / 5 ans d'expérience  H/F - Porte-de-Savoie,"
"1737","Done","NTI3MjY2OCA5","Ingénieur en développement SYMFONY H/F"
"1738","Done","NTYzMzYyNyA5","Ingénieur d'Application H/F"
"1739","Done","ODU5NzYgMTE","Business Architect (m/f)"
"1740","Done","NTYyOTQxMiA5","Géomètre en Détection de Réseaux sur CHAMBERY (H/F)"
"1741","Done","NDg5NDgzNyA5","Concepteur Logiciel F/H (H/F)"
"1742","Done","NTEzNzI4NCA5","Concepteur logiciel - Développement PC F/H (H/F)"
"1743","Done","NTUyNzE2NSA5","Ingénieur développeur logiciel C++/Qt H/F - Grenoble"
"1744","Done","NTYzNzY1MSA5","Ingénieur en développement logiciel Java - Spatial H/F - Ramonville-Saint-Agne"
"1745","Done","NTUzMTE3NiA5","Ingénieur Développement Logiciel Embarqué - secteur ferroviaire H/F - Villeurbanne"
"1746","Done","MTY3ODQ5MTcgNDM","Senior IT Techniker_in"
"1747","Done","MTY3NjU1MDYgNDM","Spezialist_in SAP MM/EWM"
"1748","Done","MTY3NjU1NjIgNDM","IT Requirements Engineer (w/m/d)"
"1749","Done","MTY3NTQ1MTggNDM","IT-Architekt:in (m/w/d)
mit Schwerpunkt Healthcare-IT
"
"1750","Done","MTY2NjA5MjcgNDM","IT-Architekt_in  (w/m/d)"
"1751","Done","NTYzMjAzMCA5","Ingénieur systèmes & réseaux (H/F)"
"1752","Done","NTYzMTg5OSA5","TECHNICIEN(NE) DE MAINTENANCE RÉSEAUX CONFIRMÉ(E) (H/F)"
"1753","Done","NTYzMTcxMCA5","Administrateur Infrastructure linux windows, vmware, netapp, syst embarqué (H/F)"
"1754","Done","NTYzMTQxNSA5","Chef de Chantier Réseaux Humides (H/F)"
"1755","Done","NTYzMTQyOCA5","INGENIEUR.E EN DEVELOPPEMENT YOCTO LINUX (H/F)"
"1756","Done","NTYzMTA4NiA5","Ingénieur développement embarqué DWDM (H/F)"
"1757","Done","NTYzMDk5OCA5","Technicien Réseaux Hydraulique (H/F)"
"1758","Done","NTYzMDQ4MyA5","Expert Linux (H/F)"
"1759","Done","NTYzMDA3NCA5","Ingénieur Logiciel Embarqué Kernel Linux (H/F)"
"1760","Done","NTYyOTg0NiA5","Ingénieur développement applicatif DWDM (H/F)"
"1761","Done","NTYyOTI1NiA5","Ingénieur réseaux (H/F)"
"1762","Done","NTYyODU5NyA5","Développeur Senior Linux embarqué (H/F)"
"1763","Done","NTYyODUxNyA5","Architecte réseaux confirmé (H/F)"
"1764","Done","NTYyNzg1OSA5","Technicien Réseaux et Télécoms (H/F)"
"1765","Done","NTU3MjM5MiA5","Administrateur Systèmes et Réseaux (H/F)"
"1766","Done","NTYyNzYxOSA5","Chargé de développement (H/F)"
"1767","Done","NTYyNzU1NCA5","Chargé de développement (H/F)"
"1768","Done","NTYyNzUzMyA5","TECHNICIEN(NE) DE MAINTENANCE RÉSEAUX CONFIRMÉ(E) (H/F)"
"1769","Done","NTYyNzU0NiA5","Chargé de développement (H/F)"
"1770","Done","NTYyNzQ4NyA5","Chargé de développement (H/F)"
"1771","Done","NTYyNzQwNCA5","Chargé de développement (H/F)"
"1772","Done","NTYyNzM5OCA5","Chargé de développement (H/F)"
"1773","Done","NTYyNzM1MyA5","Chargé de développement (H/F)"
"1774","Done","NTYyNzI3MCA5","Chargé de développement (H/F)"
"1775","Done","NTYyNzI0NCA5","Chargé de développement (H/F)"
"1776","Done","NTYyNzIyOSA5","TECHNICIEN(NE) DE MAINTENANCE RÉSEAUX CONFIRMÉ(E) (H/F)"
"1777","Done","NTYyNzIwOCA5","Chargé de développement (H/F)"
"1778","Done","NTYyNzE4OSA5","Chargé de développement (H/F)"
"1779","Done","NTYyNzE2MSA5","Chargé de développement (H/F)"
"1780","Done","NTYyNzA5MyA5","Chargé de développement (H/F)"
"1781","Done","NTYyNzA4NiA5","Chargé de développement (H/F)"
"1782","Done","NTYyNzAyNyA5","Chargé de développement (H/F)"
"1783","Done","NTYyNzAxMiA5","Chargé de développement (H/F)"
"1784","Done","NTYyNjk5OSA5","Chargé de développement (H/F)"
"1785","Done","NTYyNjk3MiA5","Chargé de développement (H/F)"
"1786","Done","NTYyNjkzOCA5","Chargé de développement (H/F)"
"1787","Done","NTYyNjk1MSA5","Ingénieur développement embarqué (H/F)"
"1788","Done","NTYyNjkwNiA5","TECHNICIEN(NE) DE MAINTENANCE RÉSEAUX CONFIRMÉ(E) (H/F)"
"1789","Done","NTYyNjkxNCA5","TECHNICIEN(NE) DE MAINTENANCE RÉSEAUX CONFIRMÉ(E) (H/F)"
"1790","Done","NTYyNjg2NiA5","TECHNICIEN(NE) DE MAINTENANCE RÉSEAUX CONFIRMÉ(E) (H/F)"
"1791","Done","NTYyNjg2NyA5","Chargé de développement (H/F)"
"1792","Done","NTYyNjg1MCA5","TECHNICIEN(NE) DE MAINTENANCE RÉSEAUX CONFIRMÉ(E) (H/F)"
"1793","Done","NTYyNjgzMyA5","TECHNICIEN(NE) DE MAINTENANCE RÉSEAUX CONFIRMÉ(E) (H/F)"
"1794","Done","NTYyNjgzMiA5","Chargé de développement (H/F)"
"1795","Done","NTYyNjgwMSA5","TECHNICIEN(NE) DE MAINTENANCE RÉSEAUX CONFIRMÉ(E) (H/F)"
"1796","Done","NTYyNjc3NCA5","Ingénieur Développement IOT (H/F)"
"1797","Done","NTYyNjc0NyA5","Chargé de Développement Commercial (H/F)"
"1798","Done","NTYyNjczMyA5","Chargé de développement (H/F)"
"1799","Done","NTYyNjcxNiA5","Chargé de développement (H/F)"
"1800","Done","NTYyNjY1NCA5","TECHNICIEN(NE) DE MAINTENANCE RÉSEAUX CONFIRMÉ(E) (H/F)"
"1801","Done","NTYyNjYxOSA5","Chargé de développement (H/F)"
"1802","Done","NTYyNjU1MyA5","Chargé de développement (H/F)"
"1803","Done","NTYyNjUwOSA5","Chargé de développement (H/F)"
"1804","Done","NTYyNjQ5OCA5","TECHNICIEN(NE) DE MAINTENANCE RÉSEAUX CONFIRMÉ(E) (H/F)"
"1805","Done","NTYyNjUwMSA5","Chargé de développement (H/F)"
"1806","Done","NTYyNjQ3NyA5","Chargé de développement (H/F)"
"1807","Done","NTYyNjM5OSA5","TECHNICIEN(NE) DE MAINTENANCE RÉSEAUX CONFIRMÉ(E) (H/F)"
"1808","Done","NTYyNjQwNCA5","Chargé de développement (H/F)"
"1809","Done","NTYyNjM2NyA5","Chargé de développement (H/F)"
"1810","Done","NTYyNjMyMyA5","Chargé de développement (H/F)"
"1811","Done","NTYyNjI5NSA5","Ingénieur développement C++ (H/F)"
"1812","Done","NTYyNjI0MCA5","TECHNICIEN(NE) DE MAINTENANCE RÉSEAUX CONFIRMÉ(E) (H/F)"
"1813","Done","NTYyNjE3NSA5","Chargé de développement (H/F)"
"1814","Done","NTYyNjE1MSA5","Chargé de développement (H/F)"
"1815","Done","NTYyNTg2NSA5","Ingénieur Développement Java (H/F)"
"1816","Done","NTYyNDA4NiA5","Expert-e fonctionnel sap logistique - système d'information - f/h (H/F)"
"1817","Done","NTYwNDM3MyA5","Ingénieur / Ingénieure DevOps (H/F)"
"1818","Done","MTkxSlpaSCA5","Ingénieur / Ingénieure en développement pour la recherche (H/F)"
"1819","Done","MTM0MTAtazEzNTcyLjE0MDQ4LVMgMQ","Softwarearchitekt (m/w/d) (Software-Architect)"
"1820","Done","MTE5NTYtMjc4NDk4MTc0NTE4NjQwMS1TIDE","SoftwareOne Deutschland GmbH: Presales Solutions Architect (gn) Cloud Services (Cloud-Architect)"
"1821","Done","MTE5NTktOTYyNDgtUyAx","Cloud Engineer (m/w/d) (Cloud-Architect)"
"1822","Done","MTM1MDktMDAwMDIxMGU2NzYwMDEtUyAx","Solution Architect Cloud Security Healthcare (m/w/d) (Cloud-Architect)"
"1823","Done","MTE5NTYtMjY1NDk4MTc0MzgwNDAwMS1TIDE","NTT DATA Deutschland SE: Lead / Chief Cloud Platform Architect für Microsoft Azure (w/m/x) (Cloud-Architect)"
"1824","Done","NTUzNTI0MSA5","Intégrateur IPaaS débutant F/H (H/F)"
"1825","Done","NTE4MTIzMyA5","Architecte multimédia h/f"
"1826","Done","NTU0MTIwMyA5","Architecte multimédia h/f"
"1827","Done","NTU0MDkyMyA5","Architecte multimédia h/f"
"1828","Done","NTUzOTExOSA5","Architecte multimédia h/f"
"1829","Done","NTUzODUzMCA5","Développeur Logiciel C++ confirmée (H/F)"
"1830","Done","NTUzNzY2NiA5","Ingénieur(e) Application (H/F)"
"1831","Done","NTUzNzM1OSA5","Ingénieur Logiciel Python / FastAPI - H/F"
"1832","Done","NTUzNTIyOSA5","Consultant Microsoft Dynamics 365 F/H (H/F)"
"1833","Done","MTIzMzYtYTI1ZjEwNDJqMDQxNzE5MC1TIDE","IT-Ingenieur als Enterprise Architect (m/w/d) (Software-Architect)"
"1834","Done","MTIzMzYtYTI1ZjExNThqMDQxNzE0NC1TIDE","Solution Architect Process Mining (f/m/d) (Software-Architect)"
"1835","Done","MTM1MDktMDAwMDIxMGU5NDgwMDEtUyAx","Senior IT-Architekt im Fileservice (m/w/d) (Cloud-Architect)"
"1836","Done","MTIzMzYtYTI1ZjUzMmowNDA4MTU2LVMgMQ","System Engineer / Architect Linux Environments (w/m/d) (Software-Architect)"
"1837","Done","MTIzMzYtYTI1ZjUzMmowNDA4MTA3LVMgMQ","System Engineer / Architect Automatisierung (w/m/d) (Software-Architect)"
"1838","Done","NTQ5OTU0NiA5","Alternance - Ingénieur Développement -  JAVA/REACT/DRUPAL - Energie & Telecom - Aix-en-Provence (H/F)"
"1839","Done","NDU3OTU0NyA5","Architecte réseaux et cybersécurité (sécurité des systèmes d'information) f/h (H/F)"
"1840","Done","NDU3NzYwNiA5","Architecte fonctionnel  urbaniste f/h (H/F)"
"1841","Done","NTExMjMzNiA5","Ingénieur analyse de stress (H/F)"
"1842","Done","NTQ4ODUwNyA5","Ingénieur de développement logiciel JAVA (H/F)"
"1843","Done","NTQ4MDYwNiA5","Ingénieur Développement PHP (H/F)"
"1844","Done","MTQ5OTEtNTA5NzFSTEFFTVZCRjFEQy1TIDE","Software Architect (m/w/d) (Software-Architect)"
"1845","Done","MTIyNjUtNDA5MTUwX0pCNDczNjc3MS1TIDE","Cloud Developer (m/w/d) (Cloud-Architect)"
"1846","Done","MTIyNjUtMjQzNjk0X0pCNDczNjIwNy1TIDE","Softwarearchitekt (m/w/d) (Software-Architect)"
"1847","Done","MTMzMTktNzk4NTkwLzFfNTQ2NjIzTFMtUyAx","Systemarchitekt / Softwarearchitekt  (m/w/d) (Software-Architect)"
"1848","Done","MTI3MjgtMjM2Mzc3LTEtUyAx","IT-Ingenieur als Enterprise Architect (m/w/d) (Software-Architect)"
"1849","Done","MTE5NTYtMjc3NDgzMTc0NDkyNzIwMS1TIDE","NTT DATA Deutschland SE: (Chief) Application & Cloud Solution Architect (w/m/x) (Cloud-Architect)"
"1850","Done","MTE5NTYtMjE5Mzg5MTc0NDkyNzIwMS1TIDE","NTT DATA Deutschland SE: Architect Cloud Security (w/m/x) (Cloud-Architect)"
"1851","Done","MTE5NTYtMTc3OTcxMTc0NDkyNzIwMS1TIDE","NTT DATA Business Solutions Global Managed Services GmbH: SAP PreSales Solution Architect S/4HANA Mo (Cloud-Architect)"
"1852","Done","MTE5NTYtMjgwMzc5MTc0NDkyNzIwMC1TIDE","NTT DATA Deutschland SE: Senior ServiceNow Solution Architect (w/m/x) (Software-Architect)"
"1853","Done","MTE5NTYtMjc1NzQxMTc0NDkyNzIwMS1TIDE","mgm technology partners GmbH: Enterprise Architect  / Solution Architekt (m/w/d) (Software-Architect)"
"1854","Done","MTE5NTYtMjU5NDU5MTc0NDkyNzIwMS1TIDE","NTT DATA Deutschland SE: Lead / Chief Cloud Platform Architect (w/m/x) (Cloud-Architect)"
"1855","Done","MTE5NTYtMTgzNjM0MTc0NDkyNzIwMS1TIDE","NTT DATA Business Solutions Global Managed Services GmbH: SAP Cloud Architect Business Technology Pl (Cloud-Architect)"
"1856","Done","MTIzMzYtYTI1ZjEwNDdqMDQxMjYzMy1TIDE","IT-Architekt (m/w/d) (Software-Architect)"
"1857","Done","MTI4MTEtMTczMzk1NS1TIDE","Principal Engineer (m/w/d),Stuttgart,Mobiles Arbeiten in Deutschland (Software-Architect)"
"1858","Done","MTE5NTYtMjgwMDgwMTc0NDQwODgwMC1TIDE","S-Kreditpartner: Referent Solution Architect (m/w/d) (Software-Architect)"
"1859","Done","MTE5NTYtMTc3NzAzMTc0MTQ3NDgwMS1TIDE","NTT DATA Business Solutions Global Managed Services GmbH: PreSales Architect für SAP Lösungen im Rah (Cloud-Architect)"
"1860","Done","MTE5NTYtMjIyODI0MTc0NDA2MzIwMS1TIDE","NTT DATA Business Solutions Global Managed Services GmbH: SAP Enterprise Architect (w/m/d) (Cloud-Architect)"
"1861","Done","MTE5NTYtMTc3OTQxMTc0NDA2MzIwMS1TIDE","NTT DATA Business Solutions Global Managed Services GmbH: SAP Security Architect (w/m/d) (Cloud-Architect)"
"1862","Done","MTE5NTYtMTc3NjA5MTc0NDA2MzIwMS1TIDE","NTT DATA Business Solutions Global Managed Services GmbH: Solution Architect (f/m/d) (Software-Architect)"
"1863","Done","MTI4MTEtMTY4NTk4MC1TIDE","Teamleiter (m/w/d) BADEN CLOUD® - Infrastruktur,Freiburg im Breisgau,... (Cloud-Architect)"
"1864","Done","MTIzMzYtYTI1Zjk4NWowNDA2Nzk3LVMgMQ","Cloud Architekt Security Engineering (m/w/d) (Cloud-Architect)"
"1865","Done","NTQxNjAzMSA5","Ingénieur développement C# - Secteur navale H/F"
"1866","Done","NTQwMjc1MiA5","Ingénieur / Ingénieure développement logiciel informatique (H/F)"
"1867","Done","NTQwNDg3NCA5","Ingénieur / Ingénieure développement logiciel informatique (H/F)"
"1868","Done","NTQwNDY3NiA5","Ingénieur / Ingénieure développement logiciel informatique (H/F)"
"1869","Done","NTQzMTk2MSA5","Ingénieur DevOps / Cloud F/H (H/F)"
"1870","Done","NTQwNDU3OSA5","Ingénieur / Ingénieure développement logiciel informatique (H/F)"
"1871","Done","NTQwMTcyMyA5","Ingénieur / Ingénieure en développement d'applications h/f"
"1872","Done","MTY3MjIyMTMgNDM","Senior Backend Developer (w/m/d)"
"1873","Done","MTkwTVFWTiA5","Ingenieur développement erp (H/F)"
"1874","Done","MTkxSFZHUSA5","Développeur Java Spring / Angular Senior (H/F)"
"1875","Done","NTQwMjY3OSA5","Ingénieur / Architecte Digital Workplace F/H - Informatique de gestion (H/F)"
"1876","Done","NTQwMjE3OCA5","Ingénieur / Architecte Digital Workplace F/H - Informatique de gestion (H/F)"
"1877","Done","NTQwNDQ0MiA5","Ingénieur / Architecte Digital Workplace F/H - Informatique de gestion (H/F)"
"1878","Done","NTI4MDMxMiA5","Ingénieur Système Embarqué H/F"
"1879","Done","NTM5Njk5MyA5","Ingénieur études et développement Java F/H (H/F)"
"1880","Done","NTM5NTUwOSA5","Lead développeur .NET F/H (H/F)"
"1881","Done","MTIzNjItVFItMjQxNTg2XzU0NjQ2M0xTLVMgMQ","Software Architekt (w/m/d) (Software-Architect)"
"1882","Done","MTAwMDEtMTAwMTM2MTIxNC1TIDE","Solution Specialist (m,f) Swedish or Dutch or Flemish or Finnish (Cloud-Architect)"
"1883","Done","MTAwMDEtMTAwMTM1OTk5MC1TIDE","Cloud Integration Specialist (w/m/d) Independent Software Vendor /804 (Cloud-Architect)"
"1884","Done","MTAwMDEtMTAwMTM2MDQzMS1TIDE","Global Process Architect - Global Business Services (m/f/diverse) - REF80599N (Software-Architect)"
"1885","Done","MTY5NDctODAwMDgzNzkyLVMgMQ","Softwareingenieur (d/m/w) (Software-Architect)"
"1886","Done","MTAwMDEtMTAwMTM1OTE3Ny1TIDE","IT Architect CI/CD (m/w/d) (Software-Architect)"
"1887","Done","MTAwMDEtMTAwMTM1OTE2NS1TIDE","IT Architect – Systemmigration (m/w/d) (Software-Architect)"
"1888","Done","MTI4MTEtMTczMjk3OS1TIDE","Teamleiter IT-Infrastruktur (w/m/d),Erfurt,Osnabrück,Potsdam,Dresden,Kassel,Regensburg,Berlin (Cloud-Architect)"
"1889","Done","MTI4MTEtMTczMjk5NS1TIDE","Cloud Engineer Schwerpunkt Security (m/w/d), Hauptverwaltung (Cloud-Architect)"
"1890","Done","MTIzMzYtYTI1ZjUzOWowNDE2OTM3LVMgMQ","IT Architekt Sybadstem-Management-Infrastruktur (m/w/d) (Software-Architect)"
"1891","Done","MTAwMDEtMTAwMTMzMjc0NS1TIDE","Software Architect (w/m/d) (Software-Architect)"
"1892","Done","MTM1MDktMDAwMDIxMGViNTEwMDEtUyAx","Senior System Engineer Unified Communication (m/w/d) (Software-Architect)"
"1893","Done","NTM4Nzg0NSA5","Alternance charge de developpement commercial - Villeurbanne (H/F)"
"1894","Done","NTM2MTkyNiA5","Ingénieur développement logiciel embarqué (H/F)"
"1895","Done","NTM0MDk2MSA5","Business Developer IoT Services (SaaS.) H/F"
"1896","Done","NDA0NzQxMCA5","Concepteur logiciel (H/F)"
"1897","Done","NTM0MjA0NSA5","Ingénieur Bio-informatique Opérations (H/F)"
"1898","Done","MTkwTExSRCA5","Ingénieur Développement Fullstack Angular/Java (H/F)"
"1899","Done","NTM3MzQ1OSA5","Product Owner (H/F)"
"1900","Done","ODQwMTg4NyA5","Architecte fonctionnel / fonctionnelle de système d'information (H/F)"
"1901","Done","MTkwTlhLUiA5","Ingénieur Data et Java / Ingénieure Data et Java (H/F)"
"1902","Done","NTI5MjE4NSA5","Ingénieur.e Informatique Industrielle F/H - Informatique industrielle (H/F)"
"1903","Done","NTM0MDU2NSA5","Ingénieur développement logiciel embarqué expérimenté  H/F"
"1904","Done","NTM0MTg4NiA5","RESPONSABLE ETUDES ET DÉVÉLOPPEMENT IT  H/F"
"1905","Done","NTM0MTc4NSA5","INGENIEUR INFORMATIQUE et INTELLIGENCE ARTIFICIELLE (H/F)"
"1906","Done","NTM0MTU2NiA5","INGÉNIEUR ÉDITIQUE ET GESTION DE PROJET H/F"
"1907","Done","NTMzOTQwOCA5","INGÉNIEUR R&D LINUX EMBARQUÉ - H/F"
"1908","Done","NTI3OTE3NSA5","Consultant Finops - Cloudops Azure H/F"
"1909","Done","MTIzNjItQ1ItMDU1NDYyXzU0NjIzMkxTLVMgMQ","Embedded Softwareentwickler (m/w/d) (Software-Architect)"
"1910","Done","MTIzNjItQ1ItMDYxNzE1XzU0NjEzMkxTLVMgMQ","Softwarearchitekt (w/m/d) (Software-Architect)"
"1911","Done","MTE5NzgtU0EwMTEwNTc2X0pCNDczMjkyMi1TIDE","Software Architekt – Digitale Systeme & IoT (m/w/d) (Software-Architect)"
"1912","Done","MTY5NDctNzk5Njg4MTk3LVMgMQ","Solution Architect (d/f/m) for Combat Cloud (Cloud-Architect)"
"1913","Done","MTM4ODQtMzAwNDgwLVMgMQ","Solution Architect PDM/PLM  (m/w/d) (Software-Architect)"
"1914","Done","MTM4ODQtMzAwNDc5LVMgMQ","Solution Architect PDM/PLM mit Teamcenter Erfahrung (m/w/d) (Software-Architect)"
"1915","Done","MTIzMzYtYTI1Zjk2NGowNDE2ODMwLVMgMQ","Senior Software Architekt - Java / Spring Boot (w/m/d) (Software-Architect)"
"1916","Done","MTIzMzYtYTI1Zjk2NGowNDE2ODI5LVMgMQ","Lead Software Architekt - Java / Spring Boot (w/m/d) (Software-Architect)"
"1917","Done","MTIzMzYtYTI1Zjk4NWowNDA5NDkzLVMgMQ","System Engineer Cloud Workday Personalsysteme (m/w/d) (Cloud-Architect)"
"1918","Done","MTIzMzYtYTI1Zjg1NGowMzkzNzc4LVMgMQ","Solution Architect (m/w/d) für moderne Zusammenarbeit (Software-Architect)"
"1919","Done","MTIzMzYtYTI1ZjExMjJqMDQxNTM5OS1TIDE","IT-Cloud Architekt Datacenter (a*) (Cloud-Architect)"
"1920","Done","MTIzMzYtYTI1Zjk5M2owNDE1MzA4LVMgMQ","Architect Analytics Services (d/m/w) (Software-Architect)"
"1921","Done","MTIzMzYtYTI1ZjUzOWowNDEzNTEzLVMgMQ","Senior IT Architect – Asset Management & Automation (m/w/d) (Software-Architect)"
"1922","Done","MTAwMDEtMTAwMTE3NDgxMS1TIDE","Solution Architect C# (all gender) (Software-Architect)"
"1923","Done","MTczMTEtMjM1Nzk4LVMgMQ","Solution Architect Microsoft Dynamics 365 (w/m/d) (Software-Architect)"
"1924","Done","NTI4MTM0OCA5","MONTEUR (SE) RESEAUX ELECTRIQUES (H/F)"
"1925","Done","NTI4MTQ0MyA5","MONTEUR (SE) RESEAUX ELECTRIQUES (H/F)"
"1926","Done","NTI4MTQ1MyA5","MONTEUR (SE) RESEAUX ELECTRIQUES (H/F)"
"1927","Done","NTI3OTQzMCA5","Technicien supérieur systèmes et réseaux Alternance/Apprentissage (H/F)"
"1928","Done","NTI3Njk5NCA5","Technicien.ne Supérieur Systèmes et Réseaux  en contrat d'apprentissage #ARI2519 (H/F)"
"1929","Done","NTI3NjgwNSA5","Technicien.ne Supérieur Systèmes et Réseaux en contrat d'apprentissage  #ARI4058 (H/F)"
"1930","Done","NTI3NzY4MSA5","Technicien.ne Supérieur Systèmes et Réseaux  en contrat d'apprentissage #ARI2519 (H/F)"
"1931","Done","NTI3NzI2MyA5","Chef d'equipe réseaux électriques ENEDIS (H/F)"
"1932","Done","NTE0MTQwNiA5","Architecte junior autocad & revit (h/f/d)"
"1933","Done","NTI3NzcxNyA5","Technicien.ne Supérieur Systèmes et Réseaux  en contrat d'apprentissage #ARI2519 (H/F)"
"1934","Done","NTI3NjUzOCA5","Technicien.ne Supérieur Systèmes et Réseaux  en contrat d'apprentissage #ARI2519 (H/F)"
"1935","Done","NTI4MTUwMCA5","Administrateur Système Linux (H/F)"
"1936","Done","NTI3OTcyMCA5","Ingénieur en Développement Technique de Projets Agrivoltaïques (H/F)"
"1937","Done","NTI5NDE3MCA5","Business Analyst (H/F)"
"1938","Done","NTI3NjM4OCA5","Ingénieur d'études Réseaux de Chaleur (H/F)"
"1939","Done","NTEwNzA1NyA5","Architecte Solutions, Media & Entertainment, AWS France (H/F)"
"1940","Done","MTY3Nzk5MDUgNDM","Systemarchitekt*in für Datenbanken mit Fokus auf Cloud-Technologien"
"1941","Done","MTkwU1pSRyA5","Intégrateur fonctionnel simulateur Rafale (H/F)"
"1942","Done","NTMxMzIwMiA5","Pilote de systèmes applicatifs F/H (H/F)"
"1943","Done","NTMxMjk2NiA5","Développeur Windev (H/F)"
"1944","Done","NTEwOTg4MSA5","Architecte multimédia h/f"
"1945","Done","MTkxQkpHRiA5","Ref CO IA  INGENIEUR d'AFFAIRES ENERGIE (H/F)"
"1946","Done","NTI4NDE4NyA5","Ingénieur développement applicatif C++/Qt (H/F)"
"1947","Done","NTI4NDA3NyA5","Ingénieur développement C++/QT (H/F)"
"1948","Done","NTI4Mjk5NSA5","Ingénieur Développement C Bas Niveau (Basic Software) (H/F)"
"1949","Done","NTI4MTMwNiA5","Responsable Développement Commercial (H/F)"
"1950","Done","NTI4MDc4MiA5","Chef de Chantier Réseaux Humides (H/F)"
"1951","Done","NTI3OTk4MSA5","Technicien Réseaux Hydraulique (H/F)"
"1952","Done","NTI4MDQ1NiA5","Chargé d'affaires Réseaux Humides (H/F)"
"1953","Done","NTI3OTU2MCA5","Ingénieur développement logiciel embarqué (H/F)"
"1954","Done","NTI3OTU0NSA5","Ingénieur software embarqué C++ Linux (H/F)"
"1955","Done","NTI3OTQ1NyA5","Technicien Réseaux Hydraulique (H/F)"
"1956","Done","NTI3OTQ1MCA5","INGENIEUR RESPONSABLE DEVELOPPEMENT EXPERIMENTE (H/F)"
"1957","Done","NTI3OTE5NSA5","Technicien Réseaux Hydraulique (H/F)"
"1958","Done","NTI3OTE4OCA5","Chef d'Equipe Réseaux Humides (H/F)"
"1959","Done","NTI3ODk3MiA5","Ingénieur Développement C++ Python (H/F)"
"1960","Done","NTI3ODgyMSA5","Ingénieur développement logiciel embarqué (H/F)"
"1961","Done","NTI3ODczOCA5","Technicien Réseaux Hydraulique (H/F)"
"1962","Done","NTI3NzY0OSA5","Chargé(e) de développement commercial (H/F)"
"1963","Done","NTI3NjY3MiA5","Administrateur Système Linux (H/F)"
"1964","Done","MTQ0MTgtNDAxNzQtMTY4NTIwMy0wLVMgMQ","Softwareentwickler (m/w/d) (Software-Architect)"
"1965","Done","MTIyNjUtNDQ2NTkzX0pCNDczMTYzNy1TIDE","Software Architect (m/w/d) (Software-Architect)"
"1966","Done","MTIyNjUtNDU2NjAxX0pCNDczMTYxMS1TIDE","Softwarearchitekt (m/w/d) (Software-Architect)"
